date,description,amount,category
2025-12-01,"FMG INSURANCE DD 0044817",-1386.90,Insurance
2025-12-05,"COUNTDOWN TE RAPA",-246.80,Personal/Drawings
2025-12-08,"Z ENERGY TE RAPA",-212.40,Fuel
2025-12-09,"RD1 HAMILTON",-1842.70,Feed
2025-12-10,"WAGES DIRECT CREDIT",-4180.22,Wages
2025-12-12,"PGG WRIGHTSON LIVESTOCK PROCEEDS 018330",26880.00,"Livestock Sales"
2025-12-14,"MITRE 10 MEGA TE RAPA",-184.35,Repairs
2025-12-15,"SEALES WINSLOW LTD",-5912.44,Feed
2025-12-18,"VETORA WAIKATO",-684.20,"Vet & Animal Health"
2025-12-19,"PAK N SAVE CLARENCE ST",-318.55,Personal/Drawings
2025-12-20,"FONTERRA CO-OP PAYMENT 000216",92410.18,"Milk Income"
2025-12-20,"IRD PAYE 043-712-889",-1894.00,Wages
2025-12-22,"WAITOMO FUEL LTD BULK DELIVERY",-2204.90,Fuel
2025-12-23,"THE WAREHOUSE TE RAPA",-211.98,Personal/Drawings
2025-12-24,"WAGES DIRECT CREDIT",-4301.77,Wages
2025-12-27,"NETFLIX.COM AUCKLAND",-22.99,Personal/Drawings
2025-12-28,"ANZ RURAL LOAN INTEREST 2201",-7512.44,Interest
2026-01-01,"FMG INSURANCE DD 0044817",-1386.90,Insurance
2026-01-05,"NPD PUKETE",-168.24,Fuel
2026-01-07,"FARMLANDS TE AWAMUTU",-932.60,Feed
2026-01-07,"WAGES DIRECT CREDIT",-4228.09,Wages
2026-01-09,"COUNTDOWN TE RAPA",-287.14,Personal/Drawings
2026-01-12,"BALLANCE AGRI-NUTRIENTS LTD",-6240.80,Fertiliser
2026-01-14,"CAMBRIDGE VET SERVICES",-412.80,"Vet & Animal Health"
2026-01-15,"SEALES WINSLOW LTD",-6081.33,Feed
2026-01-16,"Z ENERGY TE RAPA",-241.87,Fuel
2026-01-20,"FONTERRA CO-OP PAYMENT 000223",88204.55,"Milk Income"
2026-01-20,"IRD PAYE 043-712-889",-1922.00,Wages
2026-01-21,"PGG WRIGHTSON LIVESTOCK PROCEEDS 018702",45850.00,"Livestock Sales"
2026-01-21,"WAGES DIRECT CREDIT",-4415.63,Wages
2026-01-23,"PGG WRIGHTSON LTD",-893.20,Feed
2026-01-26,"BRIDGESTONE TYRE CENTRE HAMILTON",-742.00,Repairs
2026-01-27,"NETFLIX.COM AUCKLAND",-22.99,Personal/Drawings
2026-01-28,"ANZ RURAL LOAN INTEREST 2201",-7512.44,Interest
2026-01-30,"KMART THE BASE TE RAPA",-132.40,Personal/Drawings
2026-02-01,"FMG INSURANCE DD 0044817",-1386.90,
2026-02-02,"WAITOMO FUEL OHAUPO",-272.01,
2026-02-04,"WAGES DIRECT CREDIT",-4207.92,
2026-02-06,"SEALES WINSLOW LTD",-9814.20,
2026-02-07,"BUNNINGS WAREHOUSE TE RAPA",-391.56,
2026-02-08,"COUNTDOWN TE RAPA",-325.92,
2026-02-08,"VETORA WAIKATO",-1770.60,
2026-02-09,"COUNTDOWN TE RAPA",-256.89,
2026-02-09,"CRT COURIER FREIGHT",-68.40,
2026-02-11,"WAITOMO FUEL LTD BULK DELIVERY",-2279.95,
2026-02-12,"BUNNINGS WAREHOUSE TE RAPA",-327.54,
2026-02-12,"CHORUS BROADBAND",-89.95,
2026-02-14,"WAITOMO FUEL OHAUPO",-173.64,
2026-02-15,"SEALES WINSLOW LTD",-6467.26,
2026-02-16,"BUNNINGS WAREHOUSE TE RAPA",-301.99,
2026-02-16,"NEW WORLD TE RAPA",-241.21,
2026-02-16,"WAIKATO MILKING SYSTEMS SERVICE",-1467.30,
2026-02-17,"BRIDGESTONE TYRE CENTRE HAMILTON",-1128.00,
2026-02-18,"WAGES DIRECT CREDIT",-4245.00,
2026-02-18,"WAITOMO FUEL OHAUPO",-346.03,
2026-02-19,"MCDOUGALL AG TRANSPORT PK HAY",-4260.00,
2026-02-20,"FONTERRA CO-OP PAYMENT 000231",78412.55,"Milk Income"
2026-02-20,"IRD PAYE 043-712-889",-1849.67,
2026-02-20,"WAIPA DISTRICT COUNCIL RATES",-4214.00,
2026-02-21,"FARMLANDS TE AWAMUTU",-2964.46,
2026-02-21,"KMART THE BASE TE RAPA",-96.50,
2026-02-24,"PGG WRIGHTSON LIVESTOCK PROCEEDS 019442",25560.00,
2026-02-25,"HAMILTON SADDLERY",-215.00,
2026-02-25,"WAITOMO FUEL OHAUPO",-175.89,
2026-02-26,"PGG WRIGHTSON LIVESTOCK PROCEEDS 019468",12905.00,
2026-02-27,"NETFLIX.COM AUCKLAND",-22.99,
2026-02-27,"RD1 HAMILTON",-1508.28,
2026-02-28,"ANZ RURAL LOAN INTEREST 2201",-7512.44,
2026-02-28,"COUNTDOWN TE AWAMUTU",-302.65,
2026-02-28,"PGG WRIGHTSON LTD",-1263.40,
2026-03-01,"BUNNINGS WAREHOUSE TE RAPA",-270.87,
2026-03-01,"FMG INSURANCE DD 0044817",-1386.90,
2026-03-02,"PAK N SAVE CLARENCE ST",-308.00,
2026-03-03,"CAMBRIDGE VET SERVICES",-388.20,
2026-03-04,"WAGES DIRECT CREDIT",-4130.75,
2026-03-05,"BALLANCE AGRI-NUTRIENTS LTD",-14320.60,
2026-03-06,"HAMILTON HONDA ATV PARTS",-486.20,
2026-03-07,"WAITOMO FUEL OHAUPO",-361.31,
2026-03-08,"VETORA WAIKATO",-1135.36,
2026-03-09,"NEW WORLD TE RAPA",-386.11,
2026-03-09,"SHEARING CONTRACTORS WAIPA LTD",-3120.00,
2026-03-10,"PGG WRIGHTSON LIVESTOCK PROCEEDS 019734",47120.00,
2026-03-11,"RD1 CAMBRIDGE",-2216.16,
2026-03-11,"WAITOMO FUEL LTD BULK DELIVERY",-2646.21,
2026-03-12,"TE RAPA ENGINEERING LTD",-1843.50,
2026-03-12,"WAITOMO FUEL OHAUPO",-430.08,
2026-03-13,"CAMBRIDGE VET SERVICES",-1244.60,
2026-03-14,"THE WAREHOUSE TE RAPA",-134.20,
2026-03-15,"SEALES WINSLOW LTD",-6815.20,
2026-03-16,"RD1 HAMILTON",-742.60,
2026-03-18,"ACC LEVY INVOICE 2026",-2418.77,
2026-03-18,"WAGES DIRECT CREDIT",-4179.29,
2026-03-20,"FONTERRA CO-OP PAYMENT 000247",61830.10,
2026-03-20,"IRD PAYE 043-712-889",-1825.06,
2026-03-20,"NEW WORLD TE RAPA",-333.04,
2026-03-20,"RD1 CAMBRIDGE",-766.09,
2026-03-22,"Z ENERGY TE RAPA",-263.62,
2026-03-23,"GENESIS ENERGY DAIRY SHED",-698.42,
2026-03-23,"RD1 HAMILTON REFUND",742.60,
2026-03-24,"FARMLANDS HAMILTON",-1869.03,
2026-03-25,"PGG WRIGHTSON LIVESTOCK PROCEEDS 019901",33120.00,
2026-03-27,"NETFLIX.COM AUCKLAND",-22.99,
2026-03-27,"NEW WORLD TE RAPA",-280.48,
2026-03-27,"SPARK BUSINESS MOBILE",-142.60,
2026-03-28,"ANZ RURAL LOAN INTEREST 2201",-7512.44,
2026-03-29,"Z ENERGY TE RAPA",-226.88,
2026-03-30,"NPD PUKETE",-208.78,
2026-03-30,"RD1 HAMILTON",-2165.66,
2026-03-31,"NEW WORLD TE RAPA",-173.49,
2026-03-31,"TRANSFER TO 06-0313-0552981-30 SAVINGS",-5000.00,
2026-04-01,"FMG INSURANCE DD 0044817",-1386.90,
2026-04-01,"WAGES DIRECT CREDIT",-4334.74,
2026-04-02,"GENESIS ENERGY DAIRY SHED",-684.33,
2026-04-06,"DC FROM T PRESTON REF PUT IT ON WAGES LOL",650.00,
2026-04-07,"SPARK BUSINESS MOBILE",-142.60,
2026-04-08,"A M BISHOP MOTORS LTD",-642.80,
2026-04-08,"VETORA WAIKATO",-1600.70,
2026-04-10,"GENESIS ENERGY DAIRY SHED",-712.90,
2026-04-10,"NEW WORLD TE RAPA",-195.57,
2026-04-11,"NPD PUKETE",-204.88,
2026-04-11,"RD1 CAMBRIDGE",-2818.65,
2026-04-11,"WAITOMO FUEL LTD BULK DELIVERY",-2063.22,
2026-04-13,"GALLAGHER FENCING SUPPLIES",-874.90,
2026-04-14,"NZ FARMERS LIVESTOCK PAYMENT 44182",9840.00,
2026-04-14,"PAK N SAVE CLARENCE ST",-336.61,
2026-04-14,"WRIGHT CONTRACTING",-2875.00,
2026-04-15,"SEALES WINSLOW LTD",-5927.18,
2026-04-15,"WAGES DIRECT CREDIT",-4385.52,
2026-04-16,"GENESIS ENERGY DAIRY SHED",-641.05,
2026-04-17,"MITRE 10 MEGA TE RAPA",-240.95,
2026-04-18,"NPD PUKETE",-459.67,
2026-04-18,"RD1 HAMILTON",-1488.51,
2026-04-19,"HOYTS TE AWA",-48.00,
2026-04-20,"FONTERRA CO-OP PAYMENT 000262",47905.88,
2026-04-20,"IRD PAYE 043-712-889",-2079.77,
2026-04-21,"TE RAPA ENGINEERING LTD",-394.00,
2026-04-22,"COUNTDOWN TE RAPA",-190.61,
2026-04-22,"FARMLANDS TE AWAMUTU",-3099.56,
2026-04-22,"RAVENSDOWN LTD",-9870.15,
2026-04-24,"LIC AUTOMATION LTD HERD TEST",-1874.00,
2026-04-25,"NPD PUKETE",-448.74,
2026-04-27,"COUNTDOWN TE RAPA",-355.40,
2026-04-27,"NETFLIX.COM AUCKLAND",-22.99,
2026-04-28,"ANZ RURAL LOAN INTEREST 2201",-7512.44,
2026-04-28,"ECOLAB DAIRY HYGIENE",-733.18,
2026-04-29,"WAGES DIRECT CREDIT",-4265.80,
2026-04-30,"MOBIL TE AWAMUTU",-240.03,
2026-04-30,"PGG WRIGHTSON LTD",-742.15,
2026-05-01,"CROPMARK SEEDS LTD",-512.44,
2026-05-01,"FMG INSURANCE DD 0044817",-1386.90,
2026-05-03,"FARMLANDS TE AWAMUTU",-3283.39,
2026-05-05,"STIHL SHOP HAMILTON",-329.00,
2026-05-05,"Z ENERGY TE RAPA",-299.48,
2026-05-06,"IRD GST REFUND 043-712-889",4812.37,
2026-05-07,"HAMILTON CITY PARKING",-8.50,
2026-05-07,"RD1 CAMBRIDGE",-3500.20,
2026-05-08,"VETORA WAIKATO",-1235.31,
2026-05-09,"REBEL SPORT THE BASE",-189.99,
2026-05-10,"NEW WORLD TE RAPA",-339.05,
2026-05-11,"BP 2GO DINSDALE",-204.11,
2026-05-11,"WAITOMO FUEL LTD BULK DELIVERY",-2356.30,
2026-05-12,"MOBIL TE AWAMUTU",-166.21,
2026-05-12,"NZ FARMERS LIVESTOCK PAYMENT 45067",11270.00,
2026-05-13,"FARMLANDS HAMILTON",-3161.25,
2026-05-13,"TRACTOR REPAIRS WAIKATO LTD",-2246.90,
2026-05-13,"WAGES DIRECT CREDIT",-4297.96,
2026-05-15,"ASB TERM LOAN INTEREST 8841",-1204.90,
2026-05-15,"SEALES WINSLOW LTD",-6169.83,
2026-05-16,"NEW WORLD TE RAPA",-359.62,
2026-05-18,"NEW WORLD TE RAPA",-196.04,
2026-05-18,"NOEL LEEMING THE BASE",-1099.00,
2026-05-20,"FONTERRA CO-OP PAYMENT 000278",40112.34,
2026-05-20,"IRD PAYE 043-712-889",-1925.78,
2026-05-20,"NPD PUKETE",-292.06,
2026-05-20,"WAIPA DISTRICT COUNCIL RATES",-4214.00,
2026-05-22,"ANIMAL HEALTH DIRECT LTD",-516.75,
2026-05-22,"RD1 CAMBRIDGE",-3159.06,
2026-05-25,"Z ENERGY TE RAPA",-244.36,
2026-05-27,"FARMLANDS TE AWAMUTU",-1760.91,
2026-05-27,"GO BUS REFUND",44.00,
2026-05-27,"NETFLIX.COM AUCKLAND",-22.99,
2026-05-27,"WAGES DIRECT CREDIT",-4072.41,
2026-05-28,"ANZ RURAL LOAN INTEREST 2201",-7512.44,
2026-05-29,"INTEREST EARNED",12.87,
2026-05-31,"COUNTDOWN TE AWAMUTU",-267.32,
